x0,y0,z0,x1,y1,z1,x2,y2,z2,x3,y3,z3,x4,y4,z4,x5,y5,z5,x6,y6,z6,x7,y7,z7,x8,y8,z8,x9,y9,z9,x10,y10,z10,x11,y11,z11,x12,y12,z12,x13,y13,z13,x14,y14,z14,x15,y15,z15,x16,y16,z16,x17,y17,z17,x18,y18,z18,x19,y19,z19,x20,y20,z20,x21,y21,z21,x22,y22,z22,x23,y23,z23,x24,y24,z24,x25,y25,z25,x26,y26,z26,x27,y27,z27,x28,y28,z28,x29,y29,z29,x30,y30,z30,x31,y31,z31,x32,y32,z32,x33,y33,z33,x34,y34,z34,x35,y35,z35,x36,y36,z36,x37,y37,z37,x38,y38,z38,x39,y39,z39,x40,y40,z40,x41,y41,z41,label
0.25444963574409485,0.8994342684745789,-3.1760464480612427e-07,0.30458763241767883,0.8915148973464966,-0.04947490245103836,0.33998313546180725,0.890803337097168,-0.08973950892686844,0.3312323987483978,0.9056805968284607,-0.12452534586191177,0.2999519109725952,0.9295693635940552,-0.1585765779018402,0.3138909935951233,0.7025285363197327,-0.07908182591199875,0.3219107389450073,0.8208377957344055,-0.13374638557434082,0.317352831363678,0.8755167126655579,-0.17077676951885223,0.30870574712753296,0.8908278346061707,-0.19138985872268677,0.2537742853164673,0.7091242074966431,-0.07524106651544571,0.265036940574646,0.8467872738838196,-0.12486596405506134,0.26680803298950195,0.9169189929962158,-0.1411837935447693,0.2591923177242279,0.9482449889183044,-0.14718900620937347,0.20193399488925934,0.745507538318634,-0.07541021704673767,0.2167368233203888,0.8719951510429382,-0.11612129211425781,0.22955460846424103,0.9221920967102051,-0.11452460289001465,0.2305634319782257,0.9386472105979919,-0.10617116093635559,0.16143664717674255,0.7942440509796143,-0.08042708784341812,0.17446568608283997,0.87332683801651,-0.10266397148370743,0.18907815217971802,0.9089508652687073,-0.09790782630443573,0.1940053403377533,0.9158346652984619,-0.08886891603469849,0.7302846312522888,0.8823632001876831,-3.1701998182143143e-07,0.6778436303138733,0.8697061538696289,-0.03268284350633621,0.6422804594039917,0.8503029346466064,-0.05844760313630104,0.6550843119621277,0.846861720085144,-0.08091328293085098,0.690421462059021,0.8380790948867798,-0.09885221719741821,0.6516578793525696,0.6762600541114807,-0.03566179797053337,0.6397740840911865,0.7905961871147156,-0.07070125639438629,0.6508631706237793,0.8327842354774475,-0.09584696590900421,0.6605274677276611,0.8173680901527405,-0.11140891164541245,0.7072988152503967,0.6761494278907776,-0.03631686046719551,0.6952725648880005,0.8149208426475525,-0.06386668980121613,0.6996568441390991,0.8464860916137695,-0.07259195297956467,0.7032986879348755,0.8232923746109009,-0.07692965120077133,0.7567655444145203,0.699450671672821,-0.04157845303416252,0.7440906167030334,0.8296613097190857,-0.06260006129741669,0.7399831414222717,0.8535987734794617,-0.05224105343222618,0.737967312335968,0.8333377838134766,-0.042164433747529984,0.799943208694458,0.7346282601356506,-0.052168555557727814,0.7883290648460388,0.8304318189620972,-0.06371022015810013,0.7774433493614197,0.8498688340187073,-0.05544393137097359,0.7723241448402405,0.8348115682601929,-0.045160919427871704,안녕하세요
0.2693050801753998,0.8608139753341675,-1.6868564500782668e-07,0.31510406732559204,0.8210163712501526,-0.027212947607040405,0.34960561990737915,0.7728657722473145,-0.046991631388664246,0.3384946882724762,0.7411463856697083,-0.06400758773088455,0.3062518835067749,0.7256141901016235,-0.07714275270700455,0.32068538665771484,0.6219851970672607,-0.032141923904418945,0.32565927505493164,0.67195063829422,-0.07222666591405869,0.3250541687011719,0.7190022468566895,-0.09863872826099396,0.31989577412605286,0.717602550983429,-0.11273666471242905,0.2655736804008484,0.6165926456451416,-0.0308158490806818,0.276807963848114,0.7037121057510376,-0.061926405876874924,0.2832289934158325,0.758476972579956,-0.06929835677146912,0.2802433967590332,0.7573280334472656,-0.0705351009964943,0.21916794776916504,0.6367459297180176,-0.03408825770020485,0.2339298278093338,0.7283941507339478,-0.060001522302627563,0.24716342985630035,0.7752230763435364,-0.051594559103250504,0.24879895150661469,0.7726605534553528,-0.04208821430802345,0.18305745720863342,0.6715182662010193,-0.04120690003037453,0.19896921515464783,0.7459045052528381,-0.05548642575740814,0.21560686826705933,0.7861906886100769,-0.04962529242038727,0.22084331512451172,0.7852533459663391,-0.04088764637708664,0.7108903527259827,0.8409320116043091,-2.61375134869013e-07,0.6620604395866394,0.8056444525718689,-0.017562445253133774,0.626406729221344,0.7611340880393982,-0.03354191780090332,0.624659538269043,0.7286348938941956,-0.048503387719392776,0.6436418890953064,0.6996182203292847,-0.05949315056204796,0.6338309049606323,0.6242548823356628,-0.01673133857548237,0.6138879656791687,0.653096616268158,-0.04871363937854767,0.6200703382492065,0.6861678957939148,-0.07151299715042114,0.6295098066329956,0.6991401314735413,-0.08380748331546783,0.6752378940582275,0.6080657243728638,-0.02107945829629898,0.6601057052612305,0.6811334490776062,-0.04660806059837341,0.6639165282249451,0.7233241200447083,-0.055849023163318634,0.6680399775505066,0.7281906008720398,-0.05889938771724701,0.7155981659889221,0.6164892911911011,-0.02899041213095188,0.7011305689811707,0.6989320516586304,-0.04635493457317352,0.7024072408676147,0.7386981844902039,-0.03485570847988129,0.7040526866912842,0.740301787853241,-0.024997329339385033,0.7524145841598511,0.6384172439575195,-0.040928881615400314,0.7402440309524536,0.7060688734054565,-0.0509197823703289,0.7373294234275818,0.7415388226509094,-0.04078539460897446,0.7371340990066528,0.7443463802337646,-0.02918671816587448,안녕하세요
0.2697382867336273,0.8232649564743042,-2.1885912815378106e-07,0.31441596150398254,0.8030948638916016,-0.030279235914349556,0.35206177830696106,0.7691827416419983,-0.05426932871341705,0.33689987659454346,0.7491104602813721,-0.07523436099290848,0.3011099696159363,0.7424142360687256,-0.09283550083637238,0.31553226709365845,0.5928657650947571,-0.038164280354976654,0.32786571979522705,0.6495541930198669,-0.07691945135593414,0.32991495728492737,0.6904577016830444,-0.10220720618963242,0.32742738723754883,0.6887680292129517,-0.11665263026952744,0.26045799255371094,0.5925036668777466,-0.03797505050897598,0.280018150806427,0.7042421698570251,-0.06845192611217499,0.28399157524108887,0.7581567764282227,-0.07641776651144028,0.27848389744758606,0.7555865049362183,-0.07959163188934326,0.21514569222927094,0.621380627155304,-0.04202808067202568,0.2369324266910553,0.7337223887443542,-0.06787623465061188,0.24735388159751892,0.7743493318557739,-0.0617152564227581,0.24500368535518646,0.7657379508018494,-0.05485969036817551,0.17985773086547852,0.6645216941833496,-0.05003221333026886,0.20079010725021362,0.7477987408638,-0.06562741100788116,0.21620981395244598,0.7830486297607422,-0.061022769659757614,0.21830442547798157,0.776644229888916,-0.053678859025239944,0.7044105529785156,0.8083310723304749,-4.2616562723196694e-07,0.6544551849365234,0.787760853767395,-0.026143252849578857,0.616157054901123,0.7517818808555603,-0.044718582183122635,0.6181328296661377,0.7255159616470337,-0.06019387021660805,0.646919310092926,0.7054638862609863,-0.0700349286198616,0.6287916898727417,0.5776975154876709,-0.024469783529639244,0.6114566922187805,0.6340145468711853,-0.05191496014595032,0.6175488233566284,0.685043454170227,-0.06829888373613358,0.6264218688011169,0.6882003545761108,-0.07762806862592697,0.6751312613487244,0.5737865567207336,-0.025124378502368927,0.6585929989814758,0.673547625541687,-0.04863492026925087,0.6594491004943848,0.7240195274353027,-0.05316814407706261,0.6624305248260498,0.7167739272117615,-0.053257059305906296,0.7172808051109314,0.5942811369895935,-0.029681969434022903,0.7013459205627441,0.6979250311851501,-0.04646972566843033,0.7000600695610046,0.7450448870658875,-0.03376216068863869,0.7028024196624756,0.7421206831932068,-0.022830646485090256,0.7542054057121277,0.6272111535072327,-0.038930319249629974,0.738928496837616,0.709625780582428,-0.04768874868750572,0.7335057854652405,0.7491507530212402,-0.038044098764657974,0.7346757650375366,0.7487847805023193,-0.026737257838249207,안녕하세요
0.2804306745529175,0.7877103090286255,-2.645843437676376e-07,0.3186738193035126,0.7643678188323975,-0.024041790515184402,0.3560888171195984,0.7216783165931702,-0.04305098205804825,0.3423009514808655,0.7001928687095642,-0.06032782047986984,0.307223916053772,0.6987170577049255,-0.07319488376379013,0.323758989572525,0.5548444986343384,-0.025091305375099182,0.3290867507457733,0.585271954536438,-0.06074859946966171,0.3302968144416809,0.6391547322273254,-0.08057497441768646,0.3294103741645813,0.6502188444137573,-0.09008461982011795,0.2707138657569885,0.5533936023712158,-0.027131596580147743,0.28817373514175415,0.6413237452507019,-0.05591887980699539,0.29563722014427185,0.7019644379615784,-0.0618746317923069,0.29276561737060547,0.6976721286773682,-0.061891764402389526,0.22725975513458252,0.5800008773803711,-0.033593617379665375,0.24660047888755798,0.678928017616272,-0.058502551168203354,0.26124322414398193,0.7275441884994507,-0.051306359469890594,0.2620585262775421,0.718987226486206,-0.04269919916987419,0.19323423504829407,0.6204354763031006,-0.04343879595398903,0.21237999200820923,0.7010024785995483,-0.055854618549346924,0.229700967669487,0.7416478395462036,-0.048833828419446945,0.23334866762161255,0.7368727922439575,-0.03957482799887657,0.6921597719192505,0.7724437713623047,-4.909661015517486e-07,0.6453407406806946,0.7488088607788086,-0.02112087421119213,0.6074985265731812,0.7157832980155945,-0.03846876323223114,0.6061740517616272,0.6958823204040527,-0.05443709343671799,0.6290592551231384,0.6837148070335388,-0.06529684364795685,0.6167479753494263,0.550171434879303,-0.020988892763853073,0.5989789366722107,0.5805773735046387,-0.04887954518198967,0.6048758625984192,0.6337552666664124,-0.06500938534736633,0.6118250489234924,0.6483240723609924,-0.07333208620548248,0.6598913669586182,0.5421134829521179,-0.023488903418183327,0.6451739072799683,0.6312675476074219,-0.04660241678357124,0.6451698541641235,0.6879686117172241,-0.050551071763038635,0.6471399664878845,0.6900710463523865,-0.04984574019908905,0.7003405094146729,0.5589166879653931,-0.0297539122402668,0.6870388984680176,0.6585798859596252,-0.045419830828905106,0.6854088306427002,0.704769492149353,-0.03399708494544029,0.68795245885849,0.7030602097511292,-0.023891935124993324,0.7374054193496704,0.5874369740486145,-0.04013466835021973,0.7220085859298706,0.6621513962745667,-0.04676678404211998,0.7185890674591064,0.6993668079376221,-0.03670704364776611,0.7210856676101685,0.6994568705558777,-0.025482116267085075,안녕하세요
0.29080110788345337,0.738405704498291,-2.3260754744569567e-07,0.33212029933929443,0.6994543075561523,-0.022017735987901688,0.36554089188575745,0.650610089302063,-0.04035458341240883,0.34442341327667236,0.6226359009742737,-0.05652008578181267,0.3024801015853882,0.6234423518180847,-0.06768132001161575,0.32867932319641113,0.4943200945854187,-0.018750419840216637,0.34238201379776,0.5317371487617493,-0.050683122128248215,0.3464624583721161,0.5884416699409485,-0.07135946303606033,0.34409892559051514,0.5977287888526917,-0.08341418206691742,0.279346764087677,0.4952958822250366,-0.02199465036392212,0.30175748467445374,0.5624336004257202,-0.046662282198667526,0.3095986247062683,0.6141975522041321,-0.055297452956438065,0.306101530790329,0.6096240878105164,-0.059042833745479584,0.24032539129257202,0.5217691659927368,-0.02934260107576847,0.26890644431114197,0.6054454445838928,-0.04740437492728233,0.2807489335536957,0.642339825630188,-0.04328087717294693,0.27679917216300964,0.6280337572097778,-0.03962474316358566,0.21142202615737915,0.5605394244194031,-0.04024384170770645,0.23807132244110107,0.6316071152687073,-0.04941043257713318,0.2509079873561859,0.6615976095199585,-0.04559878259897232,0.247390016913414,0.6496503353118896,-0.04083043336868286,0.6701437830924988,0.7228035926818848,-3.8501838162119384e-07,0.6222552061080933,0.6893949508666992,-0.016911907121539116,0.5866352915763855,0.6498858332633972,-0.03130142763257027,0.6021679043769836,0.6218644380569458,-0.04553907737135887,0.638650119304657,0.6082503795623779,-0.05412054806947708,0.5962436199188232,0.5095937252044678,-0.007256151642650366,0.5848312377929688,0.523891031742096,-0.03523563966155052,0.5888385772705078,0.5753356218338013,-0.05415979027748108,0.5946950912475586,0.5914868116378784,-0.06518430262804031,0.6334277987480164,0.49820756912231445,-0.011617032811045647,0.6283776760101318,0.5504605770111084,-0.03433559834957123,0.6268109083175659,0.6004772782325745,-0.04042515158653259,0.62674480676651,0.5982599854469299,-0.04149385169148445,0.6706351637840271,0.507710874080658,-0.020665669813752174,0.6674314737319946,0.5745894908905029,-0.034227658063173294,0.6613077521324158,0.6150184869766235,-0.02485930547118187,0.657996654510498,0.6048001050949097,-0.017316371202468872,0.7066264748573303,0.5279756784439087,-0.033890195190906525,0.6983023881912231,0.5842252969741821,-0.03888566792011261,0.6939386129379272,0.6149677634239197,-0.03183058276772499,0.6934375166893005,0.6052367091178894,-0.024622855708003044,안녕하세요
0.29257598519325256,0.6966230273246765,-2.4871772552614857e-07,0.33465009927749634,0.6680618524551392,-0.025801587849855423,0.3696051836013794,0.6205750703811646,-0.04559837281703949,0.3433735966682434,0.5890212655067444,-0.06287302821874619,0.29907721281051636,0.5851501226425171,-0.07575289905071259,0.32470908761024475,0.46898773312568665,-0.02285441756248474,0.34834709763526917,0.4967745840549469,-0.055360399186611176,0.35682201385498047,0.5516002178192139,-0.07686866819858551,0.3537326455116272,0.5681986212730408,-0.08889292180538177,0.27973341941833496,0.4708860516548157,-0.02432355284690857,0.3070683479309082,0.5330119729042053,-0.04659978300333023,0.3166065216064453,0.5804766416549683,-0.05553414672613144,0.3116055428981781,0.5789938569068909,-0.06075803562998772,0.24496302008628845,0.4992872476577759,-0.030097248032689095,0.27449581027030945,0.5753322243690491,-0.0483807697892189,0.2862342894077301,0.609747052192688,-0.04614409804344177,0.28043004870414734,0.5990614295005798,-0.04411191865801811,0.21881958842277527,0.53865647315979,-0.039257679134607315,0.24570773541927338,0.600949764251709,-0.04923203960061073,0.2565528452396393,0.6286765933036804,-0.04548601433634758,0.24987439811229706,0.618416428565979,-0.040933944284915924,0.6551132798194885,0.6824996471405029,-3.5222706173954066e-07,0.6127737760543823,0.6629846096038818,-0.02310175634920597,0.5812327265739441,0.6219301223754883,-0.03979044407606125,0.6068731546401978,0.5890264511108398,-0.0560445673763752,0.6463426351547241,0.5786389708518982,-0.06689676642417908,0.5847479104995728,0.4988047182559967,-0.012362211011350155,0.5755719542503357,0.49249812960624695,-0.045444559305906296,0.5774192214012146,0.5484808683395386,-0.06536951661109924,0.5849395990371704,0.5699422955513,-0.07608707994222641,0.6234374046325684,0.48585084080696106,-0.01564680226147175,0.6216282248497009,0.4925312101840973,-0.04725524038076401,0.616888701915741,0.5559042096138,-0.05371231958270073,0.61594158411026,0.5688803791999817,-0.05137570574879646,0.6600788235664368,0.4935448467731476,-0.024805352091789246,0.6595306992530823,0.523580014705658,-0.04639217257499695,0.6501095294952393,0.5784118175506592,-0.03797447681427002,0.6452285051345825,0.5797545909881592,-0.027934981510043144,0.6947047710418701,0.5121585130691528,-0.03816975653171539,0.6905515789985657,0.5514087677001953,-0.04643087461590767,0.6806520819664001,0.5880939364433289,-0.04074137657880783,0.6767430305480957,0.583355724811554,-0.034086816012859344,안녕하세요
0.2899680733680725,0.6838889122009277,-3.127868808405765e-07,0.33343270421028137,0.6589129567146301,-0.028422677889466286,0.36919212341308594,0.6012301445007324,-0.04707290604710579,0.34363853931427,0.563262403011322,-0.06197004392743111,0.2972957491874695,0.5557184815406799,-0.07147891074419022,0.32780593633651733,0.455974280834198,-0.02168540470302105,0.3555768132209778,0.48419085144996643,-0.05274660512804985,0.35676631331443787,0.5451035499572754,-0.07272974401712418,0.3474806547164917,0.5541471242904663,-0.08558903634548187,0.2827674150466919,0.45498141646385193,-0.022784877568483353,0.31296148896217346,0.5079113841056824,-0.048062339425086975,0.3192150294780731,0.5645877122879028,-0.056608881801366806,0.31251999735832214,0.5598911643028259,-0.06038679927587509,0.24870797991752625,0.48210540413856506,-0.028639277443289757,0.28168022632598877,0.5525599122047424,-0.05076206475496292,0.2921850085258484,0.5934901237487793,-0.0483117513358593,0.28407108783721924,0.579058051109314,-0.04527448117733002,0.22310838103294373,0.5202531814575195,-0.03795971721410751,0.25507473945617676,0.5809293389320374,-0.0517694354057312,0.2664283812046051,0.6126601099967957,-0.0498267225921154,0.25859543681144714,0.5999401211738586,-0.04626302048563957,0.6502124667167664,0.659817099571228,-3.938307884254755e-07,0.6060605645179749,0.6467828750610352,-0.02400433085858822,0.5725944638252258,0.603830099105835,-0.038984257727861404,0.6009036302566528,0.568570613861084,-0.051927268505096436,0.6447915434837341,0.5575706958770752,-0.058955442160367966,0.5815243124961853,0.4712684452533722,-0.013052061200141907,0.5663899779319763,0.502282977104187,-0.038472797721624374,0.5738844275474548,0.5536339282989502,-0.05322135612368584,0.5846460461616516,0.5545998215675354,-0.0629878118634224,0.6183314323425293,0.4585542678833008,-0.014191068708896637,0.6072716116905212,0.5077707767486572,-0.036725111305713654,0.608465850353241,0.5599883198738098,-0.038388799875974655,0.6140941381454468,0.5512009859085083,-0.0361994169652462,0.65314781665802,0.46869638562202454,-0.020737461745738983,0.6444540023803711,0.5271931290626526,-0.037613242864608765,0.6388652324676514,0.5719712376594543,-0.02744140662252903,0.6398484706878662,0.5590633749961853,-0.01854398287832737,0.6869440078735352,0.4894774258136749,-0.03162228316068649,0.6757217645645142,0.5393348932266235,-0.04017096757888794,0.6686179637908936,0.5705074667930603,-0.03513742983341217,0.6687746644020081,0.5602341890335083,-0.029308415949344635,안녕하세요
0.2877189815044403,0.6766548752784729,-3.229912692859216e-07,0.3322743773460388,0.650827169418335,-0.02855551987886429,0.3696284294128418,0.5926765203475952,-0.047202590852975845,0.3444109261035919,0.5519020557403564,-0.06222577020525932,0.29789382219314575,0.5414677858352661,-0.0717887133359909,0.32703697681427,0.45129626989364624,-0.022863144055008888,0.3580881357192993,0.4712112843990326,-0.05281958356499672,0.3585270941257477,0.5347673296928406,-0.07149936258792877,0.3482893407344818,0.54427570104599,-0.0836537703871727,0.2835395336151123,0.4494560956954956,-0.023556293919682503,0.31937533617019653,0.4942706823348999,-0.04833896458148956,0.32452428340911865,0.5552690029144287,-0.056447070091962814,0.3154618740081787,0.550288736820221,-0.059871524572372437,0.251187264919281,0.475429505109787,-0.028736526146531105,0.287882924079895,0.5358183979988098,-0.051613207906484604,0.2986239194869995,0.5804863572120667,-0.04963753744959831,0.2901335060596466,0.5669630169868469,-0.04656992107629776,0.22674772143363953,0.512650728225708,-0.037055134773254395,0.26413172483444214,0.567578136920929,-0.051603592932224274,0.27517715096473694,0.6004247069358826,-0.049925368279218674,0.26628348231315613,0.5897900462150574,-0.0463598370552063,0.6432033777236938,0.6503525376319885,-4.1284948792963405e-07,0.5998876690864563,0.6368732452392578,-0.025066493079066277,0.566706657409668,0.5912806391716003,-0.04027456045150757,0.5945014357566833,0.5540215373039246,-0.05318557471036911,0.6416513919830322,0.5424256324768066,-0.06037021800875664,0.5786672830581665,0.461677610874176,-0.014246228151023388,0.5623055696487427,0.4963996410369873,-0.04126572981476784,0.572722852230072,0.5486594438552856,-0.058476489037275314,0.5837017893791199,0.5487208366394043,-0.07003509998321533,0.6151527166366577,0.4508678615093231,-0.015221930108964443,0.6002883911132812,0.499006986618042,-0.037950549274683,0.6037770509719849,0.5509992837905884,-0.04044828936457634,0.6104606986045837,0.5413147211074829,-0.03950605168938637,0.6494080424308777,0.462310254573822,-0.021831486374139786,0.6380829215049744,0.5130554437637329,-0.04082777723670006,0.6332792043685913,0.5581207275390625,-0.03152763098478317,0.6357101202011108,0.5461205244064331,-0.02294665202498436,0.6826050281524658,0.4841899871826172,-0.03269342705607414,0.6709496378898621,0.5238167643547058,-0.04289620742201805,0.6615447402000427,0.5566389560699463,-0.03799315541982651,0.660998523235321,0.5506102442741394,-0.03224954381585121,안녕하세요
0.28990042209625244,0.6725504994392395,-3.1275973810807045e-07,0.3329557478427887,0.6475833654403687,-0.029440419748425484,0.37066251039505005,0.588765025138855,-0.048360586166381836,0.34641021490097046,0.5473307371139526,-0.06351729482412338,0.2999001443386078,0.5368231534957886,-0.07321170717477798,0.32519280910491943,0.4505484104156494,-0.02493712306022644,0.3587305545806885,0.4664302468299866,-0.054964158684015274,0.35772764682769775,0.5323761701583862,-0.07265771925449371,0.347188264131546,0.5422728657722473,-0.08409351110458374,0.28331291675567627,0.4494139552116394,-0.025327857583761215,0.3222045302391052,0.4877638816833496,-0.05178353935480118,0.3260079622268677,0.5527587532997131,-0.05947307124733925,0.31711697578430176,0.55021071434021,-0.06184447929263115,0.25189003348350525,0.4745418131351471,-0.030171101912856102,0.29009300470352173,0.5302174091339111,-0.05455746129155159,0.3004055619239807,0.5792291760444641,-0.05207403004169464,0.29286330938339233,0.5682726502418518,-0.04796982556581497,0.22786252200603485,0.5106959939002991,-0.03812265768647194,0.26616430282592773,0.5645021796226501,-0.05298217013478279,0.2770466208457947,0.600468635559082,-0.050923895090818405,0.26911771297454834,0.5920663475990295,-0.04698404297232628,0.6391096711158752,0.6481573581695557,-4.153565953401994e-07,0.5963768362998962,0.6344548463821411,-0.026737309992313385,0.5627560615539551,0.5852736234664917,-0.04210937023162842,0.5887360572814941,0.5464017987251282,-0.05452573299407959,0.6380265951156616,0.5366933345794678,-0.060846954584121704,0.57701176404953,0.4591692388057709,-0.016038132831454277,0.5588429570198059,0.49108630418777466,-0.0420975387096405,0.5682910680770874,0.5448384881019592,-0.05829070508480072,0.5793737769126892,0.5432958602905273,-0.06971123069524765,0.6127454042434692,0.4479779899120331,-0.016177242621779442,0.5962110757827759,0.49124523997306824,-0.03912631422281265,0.5989665985107422,0.5453072786331177,-0.04088008031249046,0.6049626469612122,0.5360209941864014,-0.03918645530939102,0.6461986303329468,0.4599100351333618,-0.02196345292031765,0.6337354183197021,0.5095604658126831,-0.04075200483202934,0.6280696392059326,0.5542407035827637,-0.031046582385897636,0.6296391487121582,0.5423859357833862,-0.022140376269817352,0.6783552169799805,0.48149043321609497,-0.03215697407722473,0.6658436059951782,0.5193780064582825,-0.04250239580869675,0.6572686433792114,0.5506232976913452,-0.03782274201512337,0.6570006012916565,0.5446465611457825,-0.03220857307314873,안녕하세요
0.2914145588874817,0.6746615171432495,-3.3795825515881006e-07,0.33396822214126587,0.650613009929657,-0.027113130316138268,0.37138137221336365,0.592530369758606,-0.04475204274058342,0.3477672338485718,0.5511900782585144,-0.059280503541231155,0.30190733075141907,0.5399462580680847,-0.06852350383996964,0.326425701379776,0.4542493522167206,-0.020602567121386528,0.3603145480155945,0.4690123498439789,-0.04984825849533081,0.36054936051368713,0.5340126156806946,-0.06725510209798813,0.35073602199554443,0.5453230738639832,-0.07830266654491425,0.28506413102149963,0.45288512110710144,-0.021933354437351227,0.324069619178772,0.48823976516723633,-0.04741811752319336,0.32815319299697876,0.5537450909614563,-0.05471557378768921,0.31932902336120605,0.553574800491333,-0.05665801465511322,0.2538537383079529,0.4778282642364502,-0.027747157961130142,0.29324379563331604,0.5297186374664307,-0.051503706723451614,0.3029855787754059,0.5793944597244263,-0.048876699060201645,0.29437726736068726,0.5705915093421936,-0.044526077806949615,0.22995814681053162,0.5145390629768372,-0.03647593408823013,0.2696537673473358,0.5659009218215942,-0.05044013261795044,0.2795422077178955,0.6018133759498596,-0.047969236969947815,0.2700802683830261,0.5944878458976746,-0.04376734793186188,0.6381033062934875,0.648263692855835,-4.260174364389968e-07,0.5945835113525391,0.6344603896141052,-0.026797395199537277,0.5619537830352783,0.5860020518302917,-0.04217282310128212,0.5892294049263,0.5468149781227112,-0.054640740156173706,0.6385893821716309,0.5366663932800293,-0.06114199012517929,0.5762934684753418,0.45918184518814087,-0.015715526416897774,0.5581372976303101,0.4913848638534546,-0.041548747569322586,0.5656039118766785,0.5435678958892822,-0.05811576545238495,0.5757430791854858,0.5438514947891235,-0.06980610638856888,0.6118131875991821,0.447753369808197,-0.015812886878848076,0.5949732661247253,0.4946615993976593,-0.038475096225738525,0.5967261791229248,0.5463714003562927,-0.04096991568803787,0.602505624294281,0.5387252569198608,-0.03999307379126549,0.6447993516921997,0.45961251854896545,-0.021515872329473495,0.6327095627784729,0.5105745792388916,-0.039848342537879944,0.6261225342750549,0.5530965924263,-0.030935725197196007,0.6270277500152588,0.5429111123085022,-0.022814515978097916,0.6761780977249146,0.48145440220832825,-0.0317009799182415,0.6645236015319824,0.520094096660614,-0.04216542840003967,0.6554815173149109,0.5504643321037292,-0.0380907766520977,0.6545587778091431,0.5458908081054688,-0.03290851041674614,안녕하세요
0.2893298268318176,0.684026300907135,-3.379224722266372e-07,0.33263304829597473,0.6621601581573486,-0.026442602276802063,0.37115761637687683,0.604701817035675,-0.04340868070721626,0.350588321685791,0.5609592199325562,-0.0574219673871994,0.3037276864051819,0.5507566928863525,-0.06649743765592575,0.32795223593711853,0.4655807614326477,-0.01794447936117649,0.35991770029067993,0.4790242910385132,-0.04724547266960144,0.36141520738601685,0.5413468480110168,-0.0652880147099495,0.3532921075820923,0.5542591214179993,-0.07627225667238235,0.28667759895324707,0.4632484018802643,-0.01944233849644661,0.32224899530410767,0.49580347537994385,-0.04460052773356438,0.3265957236289978,0.5590572357177734,-0.052604544907808304,0.3182675540447235,0.5624475479125977,-0.054534781724214554,0.2549314498901367,0.48749661445617676,-0.02551683411002159,0.29184260964393616,0.5397574305534363,-0.0491655208170414,0.3009057641029358,0.5866678953170776,-0.047535866498947144,0.29216790199279785,0.5795005559921265,-0.04326877370476723,0.22982729971408844,0.5240393877029419,-0.03441315516829491,0.2673356533050537,0.5753234028816223,-0.04788792505860329,0.2777020335197449,0.6102699637413025,-0.04522623494267464,0.2692444324493408,0.6039019227027893,-0.040567874908447266,0.6392500400543213,0.6520749926567078,-4.090255174560298e-07,0.5947667956352234,0.639610230922699,-0.02656819485127926,0.5630512833595276,0.5946247577667236,-0.04239939898252487,0.5903926491737366,0.5586451888084412,-0.05541406199336052,0.6365065574645996,0.5455818772315979,-0.06240183860063553,0.5749747157096863,0.4636630713939667,-0.014795225113630295,0.5583535432815552,0.5027804374694824,-0.04234091192483902,0.5672977566719055,0.5509597063064575,-0.06107108294963837,0.5775955319404602,0.5466976761817932,-0.07410456240177155,0.6113322973251343,0.45153775811195374,-0.015456177294254303,0.5961470007896423,0.5032199621200562,-0.03924998641014099,0.5984848737716675,0.5534326434135437,-0.04300771653652191,0.6043267250061035,0.543184757232666,-0.042941413819789886,0.6448737978935242,0.4623047709465027,-0.02181328274309635,0.6332480311393738,0.5172348022460938,-0.04064825177192688,0.6273303627967834,0.5598174333572388,-0.03140794485807419,0.6289045214653015,0.5477612018585205,-0.023201750591397285,0.6764135956764221,0.4835394024848938,-0.032709501683712006,0.664385199546814,0.526617705821991,-0.043438225984573364,0.6564425826072693,0.5569334030151367,-0.03909406065940857,0.6570509076118469,0.5490543842315674,-0.03373850882053375,안녕하세요
0.2923465371131897,0.7368179559707642,-3.3786767517085536e-07,0.33221858739852905,0.7283903360366821,-0.032347507774829865,0.36749836802482605,0.6966451406478882,-0.05740485340356827,0.35027438402175903,0.6767405867576599,-0.07846517860889435,0.30916306376457214,0.6735969185829163,-0.09497526288032532,0.33423560857772827,0.5282062888145447,-0.03784501925110817,0.350151389837265,0.5805822014808655,-0.07432015985250473,0.35158073902130127,0.6388011574745178,-0.09591913223266602,0.34840595722198486,0.6460481286048889,-0.10891517251729965,0.2872270941734314,0.5300838947296143,-0.039646267890930176,0.31239187717437744,0.6051895618438721,-0.06926906108856201,0.31698891520500183,0.6620962023735046,-0.07808800041675568,0.31359854340553284,0.6547482013702393,-0.08244460076093674,0.24886171519756317,0.561138391494751,-0.045847900211811066,0.2778339684009552,0.6462681293487549,-0.0718604251742363,0.28703129291534424,0.686377763748169,-0.06896087527275085,0.28309494256973267,0.6681554317474365,-0.06563834846019745,0.21792924404144287,0.6040825247764587,-0.05572907626628876,0.24522998929023743,0.6776673793792725,-0.07202761620283127,0.25653550028800964,0.7076408863067627,-0.06948316097259521,0.2536381483078003,0.6898181438446045,-0.06563661992549896,0.6537608504295349,0.6976317167282104,-4.863606477556459e-07,0.6088566780090332,0.6945499181747437,-0.032150834798812866,0.5765438675880432,0.6719613075256348,-0.05481291562318802,0.5963903665542603,0.6498529314994812,-0.07301794737577438,0.6340704560279846,0.6344883441925049,-0.08539663255214691,0.5746338367462158,0.513809323310852,-0.031561560928821564,0.565291702747345,0.5730341076850891,-0.06058783456683159,0.5760196447372437,0.6220327615737915,-0.07918646931648254,0.5857115387916565,0.6225878596305847,-0.09155113250017166,0.6157394647598267,0.5032904744148254,-0.030286690220236778,0.608687698841095,0.5868753790855408,-0.05421292409300804,0.6124870181083679,0.6346685290336609,-0.059896234422922134,0.615760087966919,0.6262818574905396,-0.06250443309545517,0.6542869210243225,0.5139461159706116,-0.033470381051301956,0.6489238739013672,0.602701723575592,-0.05221564695239067,0.6458700895309448,0.6457332372665405,-0.04329664632678032,0.6449951529502869,0.6365785598754883,-0.03635459393262863,0.6897665858268738,0.5363344550132751,-0.04138796404004097,0.6803146600723267,0.6059529781341553,-0.05275838077068329,0.6767629981040955,0.6396088004112244,-0.04692164808511734,0.677254319190979,0.631499707698822,-0.04025435075163841,안녕하세요
0.2936249375343323,0.7720854878425598,-2.71081546543428e-07,0.33496740460395813,0.7587134838104248,-0.028418634086847305,0.36787736415863037,0.7223691344261169,-0.04943859204649925,0.33956146240234375,0.7076050639152527,-0.06634198874235153,0.29523974657058716,0.7103462219238281,-0.07928011566400528,0.3335473835468292,0.5576076507568359,-0.03445926681160927,0.3528004288673401,0.6177775859832764,-0.06814282387495041,0.3535882830619812,0.6682512164115906,-0.08948240429162979,0.34875690937042236,0.6689184904098511,-0.10277986526489258,0.28478866815567017,0.5588498115539551,-0.03553319349884987,0.3099367320537567,0.6490893959999084,-0.06044112518429756,0.31608492136001587,0.6965116262435913,-0.06791728734970093,0.31335651874542236,0.6870507597923279,-0.07250889390707016,0.24464085698127747,0.5893254280090332,-0.04047920182347298,0.273373007774353,0.6878148913383484,-0.061391737312078476,0.28525310754776,0.7202964425086975,-0.05786049738526344,0.281399667263031,0.7012134194374084,-0.05494844168424606,0.21296662092208862,0.6322490572929382,-0.04894107207655907,0.23906797170639038,0.7110258340835571,-0.061977364122867584,0.2525356411933899,0.7376437187194824,-0.05901039019227028,0.2492937594652176,0.7221661806106567,-0.05498437583446503,0.6600916385650635,0.721901535987854,-4.994952291781374e-07,0.6145120859146118,0.7171756625175476,-0.025796566158533096,0.5792708992958069,0.6968880891799927,-0.046409670263528824,0.5925910472869873,0.6812664270401001,-0.06442413479089737,0.6311827898025513,0.6691325902938843,-0.07750024646520615,0.5778493881225586,0.5357057452201843,-0.025266390293836594,0.5695669651031494,0.5940559506416321,-0.0547279417514801,0.5811267495155334,0.6440271735191345,-0.0743865892291069,0.5906806588172913,0.6462337970733643,-0.08665118366479874,0.6189612150192261,0.5248496532440186,-0.026528945192694664,0.6119522452354431,0.6169172525405884,-0.04974595457315445,0.6179075241088867,0.6684312224388123,-0.05509008467197418,0.6228654384613037,0.6622774600982666,-0.05681570991873741,0.65791916847229,0.5352128744125366,-0.03199110925197601,0.6529442667961121,0.6282202005386353,-0.049416713416576385,0.6516778469085693,0.6733472943305969,-0.04029521718621254,0.6522053480148315,0.6675534248352051,-0.032321520149707794,0.6939274072647095,0.5574996471405029,-0.041784171015024185,0.6858737468719482,0.6301612854003906,-0.0503014400601387,0.6814661622047424,0.6666860580444336,-0.04308652505278587,0.6813057065010071,0.6634868383407593,-0.034944821149110794,안녕하세요
0.2852363884449005,0.7931410074234009,-2.569301500443544e-07,0.33251968026161194,0.784686267375946,-0.03338557481765747,0.3687615990638733,0.7512560486793518,-0.058016058057546616,0.33775877952575684,0.7411812543869019,-0.07777302712202072,0.28901803493499756,0.7416972517967224,-0.0931101068854332,0.33379295468330383,0.5783389806747437,-0.041185520589351654,0.3551671504974365,0.6505107879638672,-0.08069676160812378,0.35677212476730347,0.7068786025047302,-0.1059994250535965,0.349420428276062,0.7068179845809937,-0.12197712808847427,0.2818763554096222,0.5794166922569275,-0.04258406534790993,0.3099685311317444,0.6761206984519958,-0.07283792644739151,0.3186284601688385,0.7227550148963928,-0.08333215862512589,0.3139166235923767,0.7069521546363831,-0.08961531519889832,0.2407030612230301,0.6130423545837402,-0.04826280102133751,0.27174991369247437,0.7139555215835571,-0.07432512193918228,0.28654682636260986,0.7506721615791321,-0.06938490271568298,0.28147101402282715,0.729961097240448,-0.06472652405500412,0.2086326777935028,0.6594011187553406,-0.05794569477438927,0.23878419399261475,0.7452449202537537,-0.07598578929901123,0.2564544379711151,0.7726486325263977,-0.07265346497297287,0.2547818720340729,0.7541224360466003,-0.06730065494775772,0.6674017310142517,0.7387404441833496,-4.0018824165599653e-07,0.6188170313835144,0.7386109828948975,-0.031047925353050232,0.5841536521911621,0.7200084924697876,-0.054769471287727356,0.6078633666038513,0.7047083973884583,-0.07461439073085785,0.6571823954582214,0.6951993107795715,-0.08883184939622879,0.577767550945282,0.5576256513595581,-0.029061174020171165,0.5710423588752747,0.6255795955657959,-0.05977560952305794,0.5834063291549683,0.6701903939247131,-0.0814393162727356,0.5938746333122253,0.662447452545166,-0.09607347846031189,0.6203410625457764,0.5431666374206543,-0.02850489318370819,0.6163895726203918,0.6403632164001465,-0.0520087406039238,0.6219407320022583,0.6841922402381897,-0.057656243443489075,0.6257436275482178,0.6667028069496155,-0.060527365654706955,0.6610612273216248,0.5530385375022888,-0.03288447484374046,0.6604635715484619,0.6519976258277893,-0.049694500863552094,0.6578953266143799,0.6905854344367981,-0.040102697908878326,0.6571173667907715,0.6756643652915955,-0.03279225155711174,0.698066771030426,0.5756111741065979,-0.042382363229990005,0.6919569373130798,0.6551216840744019,-0.05187376216053963,0.6869648098945618,0.6870164275169373,-0.04614320769906044,0.6858355402946472,0.6768531203269958,-0.03968539834022522,안녕하세요
0.287353515625,0.793872594833374,-1.5435485067882837e-07,0.33909472823143005,0.7831392288208008,-0.0341360978782177,0.37445706129074097,0.7561357617378235,-0.06081444025039673,0.33485642075538635,0.754535436630249,-0.0816865861415863,0.28137314319610596,0.761220395565033,-0.0982004851102829,0.33339232206344604,0.5808384418487549,-0.04861292243003845,0.3546890318393707,0.667602002620697,-0.08750113844871521,0.35532957315444946,0.7271053194999695,-0.11307163536548615,0.3459773659706116,0.727867841720581,-0.1299009472131729,0.27760645747184753,0.5851119756698608,-0.049937617033720016,0.3073544502258301,0.6957058906555176,-0.08004799485206604,0.32080596685409546,0.7431427240371704,-0.09096317738294601,0.3185298442840576,0.727297306060791,-0.09831907600164413,0.23643141984939575,0.6216638088226318,-0.05472731962800026,0.27350708842277527,0.735176146030426,-0.07935310155153275,0.2929759621620178,0.767706036567688,-0.07392850518226624,0.29005998373031616,0.7433570027351379,-0.06969796121120453,0.20559918880462646,0.6695291996002197,-0.06349916756153107,0.24485278129577637,0.7626346945762634,-0.08144652843475342,0.2700669467449188,0.7870966792106628,-0.07812976092100143,0.27426350116729736,0.7655332088470459,-0.07297113537788391,0.664790689945221,0.7446814179420471,-3.287837557763851e-07,0.6175487637519836,0.7498505115509033,-0.03957825526595116,0.583849310874939,0.7351952791213989,-0.06901432573795319,0.6170470118522644,0.721544623374939,-0.09243252873420715,0.6721612215042114,0.7039393782615662,-0.10953626036643982,0.5756588578224182,0.5654981136322021,-0.042661745101213455,0.5733786821365356,0.6476725339889526,-0.07711373269557953,0.587556779384613,0.6911512017250061,-0.10042577236890793,0.5982086658477783,0.6788610816001892,-0.11688874661922455,0.6220547556877136,0.5499511957168579,-0.03906999155879021,0.6192923784255981,0.6593256592750549,-0.06504141539335251,0.6217419505119324,0.7050133943557739,-0.06981950253248215,0.6236811876296997,0.6785876750946045,-0.0730510726571083,0.6638614535331726,0.5622286200523376,-0.04098708555102348,0.6636280417442322,0.6688469052314758,-0.05755550414323807,0.6560240983963013,0.7041753530502319,-0.044342439621686935,0.6525653004646301,0.6831791996955872,-0.035944800823926926,0.699830174446106,0.5880485773086548,-0.04921402409672737,0.6949312686920166,0.6736148595809937,-0.06170345097780228,0.6864576935768127,0.7018567323684692,-0.056490786373615265,0.682573676109314,0.6873424053192139,-0.050582949072122574,안녕하세요
0.281971275806427,0.7974901795387268,-1.9683952245941327e-07,0.3320479393005371,0.7846711277961731,-0.030873673036694527,0.3703847825527191,0.7550946474075317,-0.05512057617306709,0.3387201130390167,0.7467712759971619,-0.07481644302606583,0.28631392121315,0.7520359754562378,-0.09081164747476578,0.33253633975982666,0.5837351679801941,-0.039072196930646896,0.35284045338630676,0.6602857708930969,-0.07608629763126373,0.35350775718688965,0.7135437726974487,-0.10099822282791138,0.3475498855113983,0.7144649028778076,-0.1169092133641243,0.27943846583366394,0.586571991443634,-0.040748320519924164,0.308093398809433,0.688181459903717,-0.06806771457195282,0.31929874420166016,0.7299884557723999,-0.07813422381877899,0.3179045617580414,0.7155473828315735,-0.08487749844789505,0.2375994771718979,0.6195716857910156,-0.04624944552779198,0.2714594900608063,0.7268443703651428,-0.06850533932447433,0.2876078486442566,0.7576645612716675,-0.0636478066444397,0.2845534682273865,0.7370967864990234,-0.05977217108011246,0.20528164505958557,0.6638267636299133,-0.055688511580228806,0.23924370110034943,0.7502306699752808,-0.07049115747213364,0.2607775926589966,0.7750598788261414,-0.0666484534740448,0.2636384069919586,0.7576506733894348,-0.06152055785059929,0.6650580763816833,0.7414557933807373,-3.0667519013150013e-07,0.6174320578575134,0.7489153146743774,-0.039957281202077866,0.583392858505249,0.7347177863121033,-0.06924932450056076,0.6161683201789856,0.7198339700698853,-0.0923733338713646,0.6699845790863037,0.7011960744857788,-0.10900694131851196,0.5756648182868958,0.567397952079773,-0.04226645454764366,0.5725411772727966,0.6461604237556458,-0.07689137011766434,0.5865503549575806,0.6899601221084595,-0.10027168691158295,0.5971127152442932,0.6777169108390808,-0.11681783944368362,0.6214812994003296,0.5517541170120239,-0.03828338533639908,0.6193042397499084,0.6564987897872925,-0.0650460422039032,0.6213740706443787,0.7014798521995544,-0.07022027671337128,0.6233058571815491,0.6751084923744202,-0.07347375899553299,0.6631535887718201,0.5638313889503479,-0.03992089629173279,0.6634086966514587,0.6669201254844666,-0.057813405990600586,0.6555476784706116,0.7029076814651489,-0.04498685151338577,0.6529816389083862,0.6811568737030029,-0.03652109578251839,0.6992146968841553,0.5890747308731079,-0.047709692269563675,0.6942830681800842,0.6726430654525757,-0.06106630340218544,0.6865156888961792,0.7008348703384399,-0.05631234124302864,0.6845742464065552,0.6850486397743225,-0.050695985555648804,안녕하세요
0.2923223376274109,0.7840347290039062,-1.2250335146291036e-07,0.33731624484062195,0.7690321207046509,-0.02698734775185585,0.3706376552581787,0.7338683605194092,-0.048267871141433716,0.3394641876220703,0.7237697243690491,-0.06580770760774612,0.2912151515483856,0.7284854650497437,-0.08020160347223282,0.33320119976997375,0.5689805746078491,-0.033182743936777115,0.35049110651016235,0.6443284153938293,-0.06717400252819061,0.3527912497520447,0.6912097334861755,-0.09080180525779724,0.3498378098011017,0.688569962978363,-0.10580088198184967,0.2812935411930084,0.5727322697639465,-0.03542293608188629,0.3065953552722931,0.6672735214233398,-0.05939706414937973,0.31685179471969604,0.706092894077301,-0.06800957024097443,0.31767529249191284,0.6929997801780701,-0.07400154322385788,0.23928841948509216,0.6040881872177124,-0.041382886469364166,0.2697068750858307,0.7050126791000366,-0.061506275087594986,0.28480491042137146,0.737171471118927,-0.05792442336678505,0.28376317024230957,0.7201215028762817,-0.05509671941399574,0.20725569128990173,0.6461882591247559,-0.05087606981396675,0.23798945546150208,0.7274799346923828,-0.06285674124956131,0.2578839659690857,0.7552058696746826,-0.05890946462750435,0.26090529561042786,0.7415428757667542,-0.05444939061999321,0.6555675268173218,0.7268673181533813,-2.767534681424877e-07,0.6150617599487305,0.7321073412895203,-0.03595202416181564,0.5851905345916748,0.719001829624176,-0.06149204447865486,0.6034489274024963,0.7100760340690613,-0.08154508471488953,0.6440264582633972,0.6947295665740967,-0.09579235315322876,0.5732787251472473,0.5586951375007629,-0.03556947782635689,0.5705917477607727,0.6430649757385254,-0.06729188561439514,0.5830023288726807,0.6810170412063599,-0.08886492997407913,0.593395471572876,0.6650692224502563,-0.10332364588975906,0.6186541318893433,0.5459814071655273,-0.032087359577417374,0.6181758642196655,0.6513408422470093,-0.05802106484770775,0.6197328567504883,0.6860650181770325,-0.06485796719789505,0.6199517250061035,0.660740852355957,-0.06833912432193756,0.6604055166244507,0.556509256362915,-0.03358286991715431,0.6591554880142212,0.6595029234886169,-0.05317103490233421,0.6544430255889893,0.690794825553894,-0.04334794357419014,0.6526317596435547,0.6707835793495178,-0.03509904444217682,0.6962853670120239,0.5788224339485168,-0.040292881429195404,0.6900001764297485,0.6593953371047974,-0.05254313722252846,0.6840858459472656,0.6855189800262451,-0.04739505052566528,0.6829679012298584,0.6699545979499817,-0.040749598294496536,안녕하세요
0.2877977192401886,0.7653325796127319,-2.554769480411778e-07,0.3300873339176178,0.7510836124420166,-0.02659095637500286,0.36606812477111816,0.7151932716369629,-0.04642660170793533,0.3376844823360443,0.6963700652122498,-0.06254029273986816,0.2918008267879486,0.6976523399353027,-0.07434818893671036,0.33384186029434204,0.553657054901123,-0.028332602232694626,0.3513518273830414,0.6107245087623596,-0.05963096395134926,0.35164570808410645,0.6601572632789612,-0.07943829149007797,0.34576794505119324,0.6624780893325806,-0.09163576364517212,0.2841108739376068,0.5539295673370361,-0.02913879230618477,0.30775249004364014,0.642605185508728,-0.05185777321457863,0.31446966528892517,0.6873604655265808,-0.05886732041835785,0.3114434480667114,0.6782529950141907,-0.06318511813879013,0.2440325915813446,0.5817444324493408,-0.03374899551272392,0.2712145745754242,0.679023265838623,-0.052390169352293015,0.2834148705005646,0.7110725045204163,-0.04811342433094978,0.27946290373802185,0.6937649846076965,-0.04495483636856079,0.2126833200454712,0.6211756467819214,-0.04183129966259003,0.23942437767982483,0.6971796154975891,-0.052722807973623276,0.2528502643108368,0.724500298500061,-0.04884360358119011,0.2488783597946167,0.7106082439422607,-0.044248249381780624,0.6559064984321594,0.7154608368873596,-3.487687081360491e-07,0.6151719093322754,0.7149149775505066,-0.029766542837023735,0.5825936794281006,0.7008557319641113,-0.052003394812345505,0.5888534784317017,0.6891676783561707,-0.07001163065433502,0.6211169362068176,0.6753730177879333,-0.08260286599397659,0.5727674961090088,0.5446813106536865,-0.030440183356404305,0.5655533075332642,0.6131492257118225,-0.060924265533685684,0.578689694404602,0.657322108745575,-0.08044033497571945,0.5899039506912231,0.6539590954780579,-0.09243088960647583,0.6143001317977905,0.5318549871444702,-0.029000990092754364,0.6114311814308167,0.6293042898178101,-0.05376000329852104,0.6170988082885742,0.6743686199188232,-0.059055473655462265,0.6214150190353394,0.662356972694397,-0.06046179682016373,0.6540073156356812,0.5405963063240051,-0.031858548521995544,0.6532394886016846,0.6363313794136047,-0.050795283168554306,0.6525055766105652,0.674394428730011,-0.040132880210876465,0.6533331871032715,0.6641449332237244,-0.030697913840413094,0.6902178525924683,0.5604838132858276,-0.03922257944941521,0.6853626370429993,0.6336308717727661,-0.0503971241414547,0.6838763356208801,0.6639665365219116,-0.04342081770300865,0.685783863067627,0.6544533967971802,-0.03472760692238808,안녕하세요
0.29165902733802795,0.7233747243881226,-2.0278568513276696e-07,0.3342190384864807,0.6933448314666748,-0.02328229695558548,0.37002652883529663,0.6398516297340393,-0.03952854499220848,0.34734904766082764,0.5985936522483826,-0.05318574979901314,0.30191296339035034,0.5881900787353516,-0.06186851114034653,0.3295552432537079,0.5036967396736145,-0.015397414565086365,0.35608482360839844,0.5180169343948364,-0.0417260080575943,0.3579150438308716,0.5785626173019409,-0.05855855718255043,0.3492039740085602,0.5895728468894958,-0.0685926154255867,0.28657475113868713,0.5003878474235535,-0.016599314287304878,0.3191230595111847,0.535541296005249,-0.035866763442754745,0.32463353872299194,0.5939012169837952,-0.0422099232673645,0.31636402010917664,0.5936145186424255,-0.04439055547118187,0.25401920080184937,0.5236852169036865,-0.021813372150063515,0.2891879677772522,0.5746856927871704,-0.03938625007867813,0.29941171407699585,0.6183227896690369,-0.034995827823877335,0.2916507124900818,0.6107017397880554,-0.030369969084858894,0.22894825041294098,0.559649646282196,-0.029866188764572144,0.2648029625415802,0.6057949066162109,-0.03875124827027321,0.2747909426689148,0.6387110948562622,-0.03341580182313919,0.26678287982940674,0.6350354552268982,-0.027507182210683823,0.6364037394523621,0.6780261397361755,-2.754742922661535e-07,0.5904124975204468,0.663455605506897,-0.02302752248942852,0.556660532951355,0.6272017955780029,-0.03874891251325607,0.5820645093917847,0.5971808433532715,-0.05212539806962013,0.6295847296714783,0.583900511264801,-0.060457322746515274,0.5675511360168457,0.49538710713386536,-0.013627768494188786,0.5500293374061584,0.5370880365371704,-0.03811940550804138,0.5603530406951904,0.5808243155479431,-0.05585077777504921,0.5724525451660156,0.5765361189842224,-0.06851036101579666,0.6024093627929688,0.483722984790802,-0.014574469067156315,0.584829568862915,0.5360535383224487,-0.033477623015642166,0.589379072189331,0.5838499665260315,-0.03592711687088013,0.5981289148330688,0.5717887878417969,-0.036099985241889954,0.6350094079971313,0.4937552213668823,-0.020521994680166245,0.6227955222129822,0.5492885708808899,-0.03349880501627922,0.6184017658233643,0.5892136096954346,-0.023308206349611282,0.6215085983276367,0.576777458190918,-0.01569417305290699,0.6667855978012085,0.5133211612701416,-0.030833665281534195,0.655476987361908,0.5561426877975464,-0.03733641281723976,0.6488822102546692,0.5841596722602844,-0.03184312582015991,0.6501045823097229,0.5763370990753174,-0.026218056678771973,안녕하세요
0.2905101180076599,0.7033573389053345,-2.4314235247402394e-07,0.3340398371219635,0.6814631819725037,-0.02669364959001541,0.371704638004303,0.6277872323989868,-0.044749949127435684,0.34892144799232483,0.5884494781494141,-0.0595942921936512,0.3032703697681427,0.5817276239395142,-0.06949274986982346,0.3247235119342804,0.48533162474632263,-0.021177224814891815,0.35645368695259094,0.5059446692466736,-0.049869976937770844,0.3575264811515808,0.5672287344932556,-0.06805212795734406,0.3488088548183441,0.5793849229812622,-0.0794418603181839,0.28211355209350586,0.4860736131668091,-0.02241867408156395,0.3192581236362457,0.5276113748550415,-0.04585304111242294,0.32604920864105225,0.5873441696166992,-0.05372708663344383,0.31886398792266846,0.5883386731147766,-0.05691619589924812,0.25085920095443726,0.5133265852928162,-0.027901561930775642,0.290292888879776,0.5707266926765442,-0.050058454275131226,0.3022643029689789,0.614966869354248,-0.04848434403538704,0.2954639494419098,0.6078312397003174,-0.045277923345565796,0.2273680567741394,0.5520855784416199,-0.03628203272819519,0.26884716749191284,0.6050514578819275,-0.04949135705828667,0.2815026640892029,0.6375553607940674,-0.04737851396203041,0.2747945785522461,0.6308656930923462,-0.04356614500284195,0.6333872079849243,0.6669361591339111,-3.608084853112814e-07,0.5877878665924072,0.661496102809906,-0.02768760360777378,0.552457869052887,0.6223645806312561,-0.044565532356500626,0.5770735144615173,0.5883264541625977,-0.05834880471229553,0.6254974603652954,0.5810889601707458,-0.06638766825199127,0.561528205871582,0.4868483543395996,-0.018308795988559723,0.5420063138008118,0.5295268893241882,-0.04414643719792366,0.5544189214706421,0.5787180662155151,-0.06096838787198067,0.5681780576705933,0.5749939680099487,-0.07274382561445236,0.5972860455513,0.47401854395866394,-0.01787448488175869,0.5800517201423645,0.5313663482666016,-0.03921160101890564,0.586077094078064,0.5807396173477173,-0.04118239879608154,0.5939568877220154,0.5701742768287659,-0.04038091376423836,0.6312546730041504,0.48458802700042725,-0.022926410660147667,0.6187257766723633,0.5447481274604797,-0.03960074856877327,0.6159211993217468,0.586184024810791,-0.030016908422112465,0.6195799708366394,0.5743187069892883,-0.021860091015696526,0.6640496850013733,0.5050970315933228,-0.03260347619652748,0.6521178483963013,0.5512078404426575,-0.04112044349312782,0.6457828283309937,0.5814552903175354,-0.036172401160001755,0.6475049257278442,0.5754292607307434,-0.030690353363752365,안녕하세요
0.29051467776298523,0.7049540281295776,-3.1772054853718146e-07,0.3338553309440613,0.6854172348976135,-0.028798330575227737,0.37231671810150146,0.6311923861503601,-0.04791693389415741,0.35045841336250305,0.589089572429657,-0.0635254830121994,0.3020469546318054,0.5805869698524475,-0.07361701875925064,0.3269548714160919,0.48798444867134094,-0.021708011627197266,0.35828667879104614,0.5086448192596436,-0.05231309309601784,0.35936182737350464,0.5717522501945496,-0.07071403414011002,0.3509795665740967,0.5803855657577515,-0.08228559792041779,0.28478744626045227,0.48689553141593933,-0.02246098965406418,0.3212936222553253,0.5277924537658691,-0.04949677363038063,0.32581081986427307,0.5901234149932861,-0.05765077844262123,0.31784185767173767,0.589221179485321,-0.05991869792342186,0.2530766725540161,0.5123293995857239,-0.027931826189160347,0.291696697473526,0.5706959366798401,-0.05285068601369858,0.3011963367462158,0.6163643598556519,-0.051177747547626495,0.2924630045890808,0.6056169271469116,-0.04711274057626724,0.22914443910121918,0.5493278503417969,-0.03648326173424721,0.2691696286201477,0.6047936081886292,-0.05161686986684799,0.2795499861240387,0.6376628279685974,-0.05042612552642822,0.27007943391799927,0.6279860138893127,-0.04682069271802902,0.6290497779846191,0.6677773594856262,-3.8443397443188587e-07,0.5844290852546692,0.660849928855896,-0.02675626240670681,0.5513648390769958,0.6239563226699829,-0.04353649541735649,0.5759936571121216,0.5911820530891418,-0.05741320550441742,0.6232286095619202,0.5803425908088684,-0.06548486649990082,0.5610966682434082,0.4851512312889099,-0.016680357977747917,0.5426799058914185,0.5323672890663147,-0.043159712105989456,0.5543773174285889,0.5796127915382385,-0.06147152557969093,0.5659503936767578,0.5740448832511902,-0.07434375584125519,0.59703129529953,0.4740172326564789,-0.016876105219125748,0.5794243216514587,0.5347672700881958,-0.03838065266609192,0.5857837200164795,0.5832933187484741,-0.04163605719804764,0.5937031507492065,0.571024477481842,-0.041960105299949646,0.6308603882789612,0.48547983169555664,-0.022432394325733185,0.616707980632782,0.5472444295883179,-0.03898949921131134,0.6139340400695801,0.5886581540107727,-0.02958519011735916,0.6172151565551758,0.576419472694397,-0.021777991205453873,0.6626119613647461,0.5072115659713745,-0.03254435583949089,0.6488435864448547,0.554043710231781,-0.04154272377490997,0.6435123085975647,0.5824265480041504,-0.036837197840213776,0.6462858319282532,0.5737332105636597,-0.03146643936634064,안녕하세요
0.2912057042121887,0.711307168006897,-2.962316330012982e-07,0.3328597843647003,0.693574070930481,-0.027283942326903343,0.37108349800109863,0.6414257884025574,-0.04541141539812088,0.3503393530845642,0.5986042618751526,-0.06010701507329941,0.30407828092575073,0.5904372930526733,-0.06966381520032883,0.3285491168498993,0.49793192744255066,-0.020365815609693527,0.35549628734588623,0.5138972997665405,-0.050111930817365646,0.35982546210289,0.5718318223953247,-0.06838370859622955,0.3544110953807831,0.5835064649581909,-0.07941102236509323,0.2866588532924652,0.49487489461898804,-0.021353384479880333,0.31733328104019165,0.533517062664032,-0.04574766755104065,0.32350707054138184,0.5924098491668701,-0.05326157063245773,0.3171757161617279,0.593813955783844,-0.05541703477501869,0.25440317392349243,0.5196030735969543,-0.026868296787142754,0.28897595405578613,0.5812751650810242,-0.049197472631931305,0.29795095324516296,0.6240116357803345,-0.04665793851017952,0.28933221101760864,0.6146900653839111,-0.042445920407772064,0.22914642095565796,0.5565900802612305,-0.03542306646704674,0.2631300687789917,0.612923800945282,-0.048420242965221405,0.2733875811100006,0.6439957618713379,-0.04549280181527138,0.26469647884368896,0.6344504356384277,-0.04085773974657059,0.631750226020813,0.6754994988441467,-3.979620828431507e-07,0.588554322719574,0.666688859462738,-0.02440807968378067,0.5537924766540527,0.6299257874488831,-0.04046083614230156,0.5760483145713806,0.6005821824073792,-0.05404936149716377,0.6238656044006348,0.5902305245399475,-0.061895888298749924,0.5617406964302063,0.4909338355064392,-0.013225863687694073,0.5440629720687866,0.5356361269950867,-0.04080655425786972,0.5549687743186951,0.5817131400108337,-0.061076562851667404,0.5657020211219788,0.5764893293380737,-0.0752146765589714,0.596886157989502,0.47923317551612854,-0.01453638356178999,0.5810129642486572,0.5393077731132507,-0.03648503124713898,0.5869079828262329,0.5847800970077515,-0.040915414690971375,0.5934851765632629,0.5698884725570679,-0.042047906666994095,0.6304821372032166,0.4903201162815094,-0.02124796248972416,0.618289589881897,0.5523930788040161,-0.03740198537707329,0.6177350878715515,0.5917025804519653,-0.0283008124679327,0.6212517023086548,0.5783961415290833,-0.020942937582731247,0.6627050638198853,0.5111536383628845,-0.03245279937982559,0.650748610496521,0.5620107054710388,-0.0413488894701004,0.6476677656173706,0.5899165868759155,-0.036805108189582825,0.6504756808280945,0.5792489647865295,-0.03157707676291466,안녕하세요
0.2932375967502594,0.7229027152061462,-2.9246800181681465e-07,0.3335258960723877,0.7054017186164856,-0.02523723430931568,0.37055504322052,0.6564995050430298,-0.042840566486120224,0.34695112705230713,0.6235312223434448,-0.057096291333436966,0.3010527491569519,0.623388409614563,-0.0667002722620964,0.3286822736263275,0.5097610354423523,-0.019478753209114075,0.35149163007736206,0.5391184091567993,-0.048172611743211746,0.354330450296402,0.5927478671073914,-0.06698200106620789,0.3477531969547272,0.5995804071426392,-0.0787811428308487,0.2862333655357361,0.5087904930114746,-0.0214358139783144,0.31259363889694214,0.5578395128250122,-0.04327769577503204,0.3187737464904785,0.6109917163848877,-0.051054902374744415,0.31217077374458313,0.6068546772003174,-0.05481165647506714,0.25318968296051025,0.5344241261482239,-0.02751716412603855,0.2831513583660126,0.6031124591827393,-0.04654362425208092,0.29257112741470337,0.6409273743629456,-0.04407105594873428,0.2842642068862915,0.6264927387237549,-0.04153764247894287,0.2272704541683197,0.5717757344245911,-0.03670743480324745,0.25567808747291565,0.6331603527069092,-0.04776337370276451,0.2651394307613373,0.66153883934021,-0.044591084122657776,0.25665509700775146,0.6476059556007385,-0.04078838974237442,0.6354022026062012,0.6861534118652344,-4.221898848300043e-07,0.59160977602005,0.6771183609962463,-0.022411542013287544,0.5574449300765991,0.6459584832191467,-0.038889214396476746,0.5759596228599548,0.6187199950218201,-0.0535685159265995,0.6172139644622803,0.6075114011764526,-0.06315076351165771,0.5609213709831238,0.5035924911499023,-0.013715751469135284,0.5465015172958374,0.5489106774330139,-0.04166833311319351,0.5578631162643433,0.5941005349159241,-0.062087543308734894,0.568343460559845,0.5937358736991882,-0.07557012140750885,0.5960978269577026,0.4916180670261383,-0.016265813261270523,0.5847727060317993,0.5552216172218323,-0.03814912959933281,0.5904814600944519,0.5993166565895081,-0.04387744143605232,0.5949317216873169,0.5901222825050354,-0.04597756639122963,0.6310162544250488,0.5011998414993286,-0.023639308288693428,0.6229743361473083,0.567218005657196,-0.039783280342817307,0.6223151683807373,0.6065271496772766,-0.031626757234334946,0.6231322884559631,0.5965789556503296,-0.024930719286203384,0.6647546887397766,0.5215414762496948,-0.03521500527858734,0.6559289693832397,0.5758695006370544,-0.04333696886897087,0.652135968208313,0.6054191589355469,-0.037963494658470154,0.65237957239151,0.5972113013267517,-0.03212499991059303,안녕하세요
0.2952005863189697,0.7370550632476807,-3.384248259408196e-07,0.33537206053733826,0.7216043472290039,-0.026708194985985756,0.3730457127094269,0.6777479648590088,-0.0461186021566391,0.35275402665138245,0.6485675573348999,-0.062046248465776443,0.3087066411972046,0.6474683284759521,-0.07314059138298035,0.33196142315864563,0.5226454138755798,-0.02291322685778141,0.3522547781467438,0.564017117023468,-0.05520269274711609,0.3519198000431061,0.6215813159942627,-0.0757325068116188,0.34573423862457275,0.6280410289764404,-0.08807725459337234,0.2879364490509033,0.5238582491874695,-0.024879591539502144,0.31266504526138306,0.5833108425140381,-0.04949791729450226,0.3170121908187866,0.6375497579574585,-0.056840986013412476,0.31181037425994873,0.6326591372489929,-0.06021284684538841,0.2526940107345581,0.5513302683830261,-0.031359750777482986,0.2812124788761139,0.6260093450546265,-0.05208571255207062,0.29003292322158813,0.6647982001304626,-0.04824315011501312,0.2831353545188904,0.6510895490646362,-0.0447438582777977,0.22503215074539185,0.5907179117202759,-0.041284531354904175,0.2515036463737488,0.6569871306419373,-0.053007613867521286,0.2613452076911926,0.6860668659210205,-0.04954700171947479,0.25457045435905457,0.6719096899032593,-0.04549568146467209,0.6393400430679321,0.7005120515823364,-4.403363220717438e-07,0.5946266651153564,0.6929603219032288,-0.022531302645802498,0.5610533952713013,0.6662185192108154,-0.039799150079488754,0.5761664509773254,0.6424328088760376,-0.054906778037548065,0.6104807257652283,0.6275812387466431,-0.0650569275021553,0.5621148943901062,0.5162338018417358,-0.017084529623389244,0.5521278381347656,0.5646767616271973,-0.044069353491067886,0.5618082284927368,0.608898937702179,-0.0631679818034172,0.5694583058357239,0.6092402935028076,-0.07578858733177185,0.6000461578369141,0.5055066347122192,-0.019317928701639175,0.5913424491882324,0.5767741203308105,-0.04001515358686447,0.5966601967811584,0.622042715549469,-0.04543399438261986,0.599578320980072,0.6140118837356567,-0.04781201109290123,0.6365601420402527,0.515196681022644,-0.025760747492313385,0.6292046308517456,0.5898019671440125,-0.04034797474741936,0.6280292868614197,0.631862223148346,-0.03066638857126236,0.6274288892745972,0.6244145035743713,-0.023445051163434982,0.6705637574195862,0.5364073514938354,-0.036387600004673004,0.6612352728843689,0.5972462296485901,-0.0436653271317482,0.6584272980690002,0.6283726692199707,-0.03686187416315079,0.6591302752494812,0.6202459931373596,-0.029972178861498833,안녕하세요
0.2894999086856842,0.7728064060211182,-6.889309389634946e-08,0.3364729583263397,0.7684268951416016,-0.041227053850889206,0.3646870255470276,0.7549803256988525,-0.07256200164556503,0.32688042521476746,0.7644152045249939,-0.0978267714381218,0.28011980652809143,0.777358889579773,-0.11990867555141449,0.3288211524486542,0.5891786813735962,-0.061963148415088654,0.3482450544834137,0.672847330570221,-0.10204541683197021,0.35302937030792236,0.7252766489982605,-0.12745440006256104,0.34782031178474426,0.7284033894538879,-0.14417846500873566,0.2750130295753479,0.5935959219932556,-0.061871420592069626,0.29956889152526855,0.7052900195121765,-0.09314247965812683,0.3142544627189636,0.7479663491249084,-0.10363442450761795,0.3142150938510895,0.733095645904541,-0.11066824197769165,0.2356085479259491,0.6317867636680603,-0.06528595834970474,0.265381395816803,0.74570232629776,-0.09278027713298798,0.28564906120300293,0.77591872215271,-0.08699828386306763,0.2882782220840454,0.75154048204422,-0.08169467747211456,0.2055487334728241,0.6822525262832642,-0.07316604256629944,0.23752889037132263,0.7697577476501465,-0.09297534078359604,0.2632279396057129,0.7965766191482544,-0.08700243383646011,0.27406710386276245,0.7829347848892212,-0.07931048423051834,0.6494191884994507,0.7125204801559448,-3.9196510215333547e-07,0.612175464630127,0.73029625415802,-0.04294482618570328,0.5852788686752319,0.732570469379425,-0.07352747768163681,0.6134828925132751,0.731753945350647,-0.09755139797925949,0.659785807132721,0.7243582010269165,-0.1167396754026413,0.5775266289710999,0.5810728073120117,-0.05588308721780777,0.5755757093429565,0.6740593314170837,-0.09062674641609192,0.5880861282348633,0.7170208692550659,-0.11465319991111755,0.5963929891586304,0.7059134244918823,-0.13115285336971283,0.624845027923584,0.568061888217926,-0.050978485494852066,0.6216191649436951,0.6925705075263977,-0.07900119572877884,0.6276542544364929,0.7240567207336426,-0.08717373758554459,0.6314404606819153,0.7008100748062134,-0.09244933724403381,0.6677005290985107,0.5804553627967834,-0.050263937562704086,0.6635574102401733,0.7015512585639954,-0.07298469543457031,0.6624720096588135,0.7261422872543335,-0.06465870141983032,0.6608752608299255,0.7044941186904907,-0.0572255402803421,0.7021803259849548,0.6046139001846313,-0.054996926337480545,0.6918361783027649,0.6974656581878662,-0.07195040583610535,0.6869815587997437,0.718621551990509,-0.06736670434474945,0.6855074763298035,0.7021576762199402,-0.06036420166492462,안녕하세요
0.2816104292869568,0.791560173034668,-1.4044871932128444e-07,0.3323018252849579,0.7876483201980591,-0.03953774645924568,0.36659330129623413,0.7631133794784546,-0.06856430321931839,0.3279169499874115,0.7602233290672302,-0.09167506545782089,0.2730819582939148,0.7628176212310791,-0.1104474738240242,0.33010637760162354,0.5945797562599182,-0.05372809246182442,0.34897327423095703,0.6726382374763489,-0.09919676184654236,0.3512134850025177,0.7284146547317505,-0.12795306742191315,0.3449070155620575,0.7293549180030823,-0.14631924033164978,0.27455979585647583,0.5919318199157715,-0.05393052473664284,0.3027375638484955,0.7036085724830627,-0.09154125303030014,0.315979927778244,0.7443638443946838,-0.10467229783535004,0.31411677598953247,0.7219204902648926,-0.11209467053413391,0.2323714792728424,0.625021755695343,-0.05888720601797104,0.265945166349411,0.7430708408355713,-0.09078709036111832,0.2855819761753082,0.7731627225875854,-0.08585312962532043,0.28444385528564453,0.7438511848449707,-0.08053560554981232,0.19900822639465332,0.6708201766014099,-0.06837378442287445,0.2336127907037735,0.7674081325531006,-0.09259286522865295,0.25897061824798584,0.7923502922058105,-0.09093362092971802,0.2654474079608917,0.7703361511230469,-0.08584725111722946,0.6632245182991028,0.7467241287231445,-2.629319908464822e-07,0.619975745677948,0.7576809525489807,-0.043073344975709915,0.5901750326156616,0.7461286783218384,-0.0735325813293457,0.621048629283905,0.7340462803840637,-0.09702645987272263,0.6700697541236877,0.71995609998703,-0.11413943767547607,0.5778752565383911,0.5853261947631836,-0.049663592129945755,0.5752655267715454,0.6710726618766785,-0.08827556669712067,0.5892898440361023,0.7116417288780212,-0.11385774612426758,0.5993837118148804,0.699483335018158,-0.13061580061912537,0.6233681440353394,0.5699740648269653,-0.04422379657626152,0.6232115626335144,0.684056282043457,-0.07451516389846802,0.6265749335289001,0.7233318090438843,-0.08073164522647858,0.6282305121421814,0.6967023611068726,-0.08369657397270203,0.6650577187538147,0.5809255838394165,-0.04440395161509514,0.6666361689567566,0.690588116645813,-0.06694424897432327,0.6609964370727539,0.7202785015106201,-0.0542580783367157,0.658366858959198,0.6985132098197937,-0.044184885919094086,0.7012669444084167,0.6041982173919678,-0.05071525648236275,0.6972130537033081,0.6908252239227295,-0.06843581795692444,0.6908091902732849,0.7161552906036377,-0.06400394439697266,0.6890538930892944,0.7004928588867188,-0.056989558041095734,안녕하세요
0.2810850441455841,0.7967147827148438,-1.0631050884057913e-07,0.33085623383522034,0.7845034599304199,-0.032928675413131714,0.36592355370521545,0.7556488513946533,-0.058558862656354904,0.328939825296402,0.7517391443252563,-0.0789574384689331,0.27601513266563416,0.7581772804260254,-0.0956641212105751,0.3246529996395111,0.583340585231781,-0.044939056038856506,0.3432457447052002,0.662713348865509,-0.08224747329950333,0.3463703393936157,0.714661180973053,-0.10673537105321884,0.34202736616134644,0.7137934565544128,-0.12261263281106949,0.2691349983215332,0.58732008934021,-0.046293068677186966,0.29904958605766296,0.693793773651123,-0.0743073970079422,0.3126746118068695,0.7343941330909729,-0.08479595929384232,0.31229424476623535,0.716404914855957,-0.09204983711242676,0.2270803302526474,0.6225950121879578,-0.051274579018354416,0.26274165511131287,0.7333260774612427,-0.07444541156291962,0.28157854080200195,0.7619311809539795,-0.06998564302921295,0.28071728348731995,0.7368361949920654,-0.06657685339450836,0.19538314640522003,0.6687988638877869,-0.060255058109760284,0.2328958362340927,0.7587135434150696,-0.07669153064489365,0.2584691643714905,0.783190131187439,-0.07349985837936401,0.2651420831680298,0.7638572454452515,-0.06874267756938934,0.6653717756271362,0.7420862913131714,-2.2356032047810004e-07,0.6214708089828491,0.7537062168121338,-0.04190609231591225,0.590084433555603,0.7404625415802002,-0.07119385153055191,0.6216739416122437,0.7259228229522705,-0.0937894731760025,0.6741039156913757,0.7068770527839661,-0.11005940288305283,0.5766775608062744,0.5790249705314636,-0.04288032278418541,0.5734187364578247,0.6659674644470215,-0.08111312985420227,0.5897309184074402,0.7064580917358398,-0.10876799374818802,0.6016420722007751,0.6915120482444763,-0.12767143547534943,0.6233381628990173,0.5626286268234253,-0.037759337574243546,0.6220484375953674,0.677585244178772,-0.06632047146558762,0.6249848008155823,0.7165371179580688,-0.07367664575576782,0.6263411045074463,0.6878782510757446,-0.07798410207033157,0.6655033230781555,0.5741653442382812,-0.03866419196128845,0.6666557788848877,0.6854420900344849,-0.05726439878344536,0.6582833528518677,0.7136778831481934,-0.043216247111558914,0.653598427772522,0.6879884600639343,-0.03318339213728905,0.7012902498245239,0.5983240604400635,-0.04606974124908447,0.69590163230896,0.6863197088241577,-0.06160133332014084,0.6895893812179565,0.7091377377510071,-0.05653350427746773,0.688823401927948,0.6885265707969666,-0.04941819608211517,안녕하세요
0.28141334652900696,0.7963961362838745,-2.071841578299427e-07,0.33194637298583984,0.7815523147583008,-0.03363751620054245,0.3686116933822632,0.7485688924789429,-0.0596393346786499,0.3291596472263336,0.7400102019309998,-0.0804116353392601,0.2733446955680847,0.7493723630905151,-0.09696453809738159,0.32636088132858276,0.5789463520050049,-0.04422153905034065,0.3463604152202606,0.6542195081710815,-0.08191262930631638,0.34630686044692993,0.7131829261779785,-0.10601109266281128,0.3393145203590393,0.7183222770690918,-0.12143421173095703,0.27141356468200684,0.5821213722229004,-0.04511721804738045,0.3007437288761139,0.6866940259933472,-0.07432787865400314,0.3117009699344635,0.7316177487373352,-0.0846528559923172,0.309055358171463,0.7165384888648987,-0.09139794856309891,0.23052410781383514,0.6163765788078308,-0.0498315691947937,0.26509615778923035,0.7254788875579834,-0.07294359058141708,0.28175440430641174,0.756436824798584,-0.06840440630912781,0.27772992849349976,0.7341118454933167,-0.0650201216340065,0.19947528839111328,0.6615704894065857,-0.05864279344677925,0.23606616258621216,0.7497977614402771,-0.0743567943572998,0.2572086751461029,0.7742201685905457,-0.07160740345716476,0.2574310600757599,0.7549821734428406,-0.067360058426857,0.6638203263282776,0.7406367063522339,-2.4302374868057086e-07,0.6189075112342834,0.7501633167266846,-0.04045022279024124,0.5861185789108276,0.7356578707695007,-0.06887868791818619,0.6195182800292969,0.7216278314590454,-0.09078343957662582,0.6735652685165405,0.7040002346038818,-0.10654792934656143,0.5785139799118042,0.5699533820152283,-0.04157218709588051,0.5735817551612854,0.6558314561843872,-0.0773291140794754,0.5896694660186768,0.6977958083152771,-0.1035134345293045,0.6023665070533752,0.6840894818305969,-0.12198518961668015,0.6253035664558411,0.5551073551177979,-0.036920901387929916,0.6192502379417419,0.668680727481842,-0.063483826816082,0.6216614246368408,0.7094663381576538,-0.07018137723207474,0.6251190304756165,0.6811668872833252,-0.07447999715805054,0.666346549987793,0.5685510635375977,-0.03793324530124664,0.6633912324905396,0.6785489916801453,-0.054399121552705765,0.6548036932945251,0.708370566368103,-0.04022018238902092,0.6523441076278687,0.6841860413551331,-0.03066493384540081,0.700782299041748,0.5950441360473633,-0.04540006071329117,0.6936976909637451,0.6823648810386658,-0.059512652456760406,0.6871320009231567,0.7047434449195862,-0.05434736981987953,0.687052845954895,0.6840319633483887,-0.047605954110622406,안녕하세요
0.2808464467525482,0.7927126884460449,-1.796019972744034e-07,0.33365103602409363,0.777249276638031,-0.03277360275387764,0.371211439371109,0.7418968677520752,-0.05791516974568367,0.3309849500656128,0.7330020070075989,-0.07823167741298676,0.2749677002429962,0.7437970042228699,-0.09433037787675858,0.3272991180419922,0.5729478597640991,-0.04084736481308937,0.3449612855911255,0.6447186470031738,-0.07771008461713791,0.3489818871021271,0.7067472338676453,-0.10169500857591629,0.3461582362651825,0.7137246131896973,-0.11694002896547318,0.27284160256385803,0.5760436654090881,-0.04208922013640404,0.30169007182121277,0.6804081797599792,-0.07046711444854736,0.31550368666648865,0.727049708366394,-0.0813823714852333,0.31480368971824646,0.7122141718864441,-0.08845677226781845,0.23195591568946838,0.6106395125389099,-0.047267377376556396,0.2671760022640228,0.719258189201355,-0.07018338888883591,0.2854481637477875,0.752598762512207,-0.0667157769203186,0.2823687493801117,0.7314695119857788,-0.06388393044471741,0.2009507119655609,0.6558838486671448,-0.05640769004821777,0.23888754844665527,0.74416184425354,-0.07157956063747406,0.2614712417125702,0.7704737186431885,-0.06893162429332733,0.2626228928565979,0.7522080540657043,-0.06474044173955917,0.6655851006507874,0.7394099235534668,-2.5719896257214714e-07,0.6179043054580688,0.7473366260528564,-0.040549203753471375,0.5851961374282837,0.7325519323348999,-0.0701678916811943,0.6183953881263733,0.7200528979301453,-0.09324753284454346,0.6715943217277527,0.702191948890686,-0.10993626713752747,0.5789668560028076,0.5655545592308044,-0.04362742602825165,0.573756217956543,0.6503583192825317,-0.07818959653377533,0.5883772373199463,0.6924251317977905,-0.10197652131319046,0.5999307632446289,0.6779304146766663,-0.11897769570350647,0.625663161277771,0.5521098971366882,-0.03937016427516937,0.620069146156311,0.6652013063430786,-0.066583551466465,0.6225142478942871,0.7068746089935303,-0.07341782748699188,0.6260928511619568,0.6793481707572937,-0.07800998538732529,0.6669057607650757,0.565532386302948,-0.04046105965971947,0.6638152599334717,0.6747870445251465,-0.05773080512881279,0.6561446785926819,0.7053220272064209,-0.04510265588760376,0.653499186038971,0.6798274517059326,-0.037099432200193405,0.7017592191696167,0.5921190977096558,-0.047761883586645126,0.6940083503723145,0.6786853671073914,-0.06134598329663277,0.6874417066574097,0.7027138471603394,-0.056572746485471725,0.6865251064300537,0.6821660995483398,-0.050840821117162704,안녕하세요
0.283759206533432,0.7909770011901855,-1.6255829393685417e-07,0.33381953835487366,0.774874210357666,-0.031178327277302742,0.3713173270225525,0.7403396368026733,-0.05527959391474724,0.3325366675853729,0.7310788631439209,-0.07479063421487808,0.2782531976699829,0.7418683767318726,-0.09007193893194199,0.3250008821487427,0.5713273882865906,-0.03907415270805359,0.3462197780609131,0.6393544673919678,-0.07398519665002823,0.35083964467048645,0.697553277015686,-0.09594663977622986,0.34781789779663086,0.7065654993057251,-0.10977870225906372,0.2711201608181,0.5746440887451172,-0.04073561355471611,0.3029972314834595,0.6743959784507751,-0.06696321815252304,0.31643399596214294,0.7200925350189209,-0.07657892256975174,0.3145957589149475,0.7071001529693604,-0.08298961818218231,0.23085346817970276,0.6095192432403564,-0.04611976072192192,0.2680390477180481,0.7140639424324036,-0.06780212372541428,0.2860628366470337,0.7456014156341553,-0.06422876566648483,0.282532274723053,0.7242577075958252,-0.061542123556137085,0.20044022798538208,0.6558611989021301,-0.05527755618095398,0.2405613362789154,0.7426866888999939,-0.07038042694330215,0.2637724280357361,0.7678961157798767,-0.06795651465654373,0.26556962728500366,0.7492353916168213,-0.0638752281665802,0.6652575731277466,0.7370176315307617,-2.7010560188500676e-07,0.6182088255882263,0.745336651802063,-0.042009443044662476,0.5862277746200562,0.7323173880577087,-0.07324392348527908,0.6196548342704773,0.7198835611343384,-0.09789984673261642,0.6732322573661804,0.7019970417022705,-0.11610322445631027,0.5796450972557068,0.5629099011421204,-0.04571140557527542,0.5745598673820496,0.6479238867759705,-0.08099774271249771,0.5876699686050415,0.6907457113265991,-0.10489495098590851,0.597568154335022,0.6759047508239746,-0.122068852186203,0.6259582042694092,0.5497207641601562,-0.04119088500738144,0.6203141212463379,0.6602087616920471,-0.06924129277467728,0.6228036284446716,0.7039000988006592,-0.07559021562337875,0.62611323595047,0.6764553189277649,-0.07984715700149536,0.667081892490387,0.5630301833152771,-0.04215743765234947,0.6638332009315491,0.6700700521469116,-0.060333672910928726,0.6562643647193909,0.7029364705085754,-0.04730216786265373,0.653829038143158,0.6785028576850891,-0.03903665766119957,0.7018187046051025,0.5895814895629883,-0.04945093020796776,0.6941315531730652,0.6749830842018127,-0.0632501021027565,0.6875439882278442,0.6993942260742188,-0.058503974229097366,0.6869404315948486,0.6792117953300476,-0.05299956351518631,안녕하세요
